zid,average_precision,average_recall,accuracy
z5177443,0.7585256783509956,0.6365384050952423,0.6625
