zid,MSR,correlation
z5177443,1.2786582803679166e+16,0.30147319735655836
