zid,MSR,correlation
z5177443,1.3983391093178114e+16,0.27778314466638176
