zid,average_precision,average_recall,accuracy
z5177443,0.7371730846369835,0.5950221596078777,0.605
